employeeId,name,departmentId,department,designation,shift,email
EMP0001,Andrew Craig,D005,Marketing,Analyst,Evening,dillon13@wood-thornton.com
EMP0002,Daniel Curry MD,D001,IT,Analyst,Night,figueroajohn@gmail.com
EMP0003,Sean Miller,D002,HR,Clerk,Night,englishbradley@james.org
EMP0004,Nathan Wright,D003,Sales,Clerk,Evening,youngvickie@yahoo.com
EMP0005,Mr. Jesus Mack,D002,HR,Executive,Night,michaelwilliams@gmail.com
EMP0006,Jenna Armstrong,D002,HR,Analyst,Morning,dclark@dyer-savage.com
EMP0007,Christine Myers,D004,Finance,Executive,Morning,murphygary@adams-nash.org
EMP0008,Christine Gutierrez,D001,IT,Clerk,Night,nancyguzman@yahoo.com
EMP0009,Antonio Hoover,D002,HR,Clerk,Morning,matthewsanders@rivas-lane.info
EMP0010,Victoria Powell,D004,Finance,Executive,Night,salasaustin@hotmail.com
EMP0011,Jeffrey Fritz,D002,HR,Clerk,Night,allison11@hotmail.com
EMP0012,Kelly Griffin,D004,Finance,Clerk,Night,knoxtracy@yahoo.com
EMP0013,Beth Davidson,D005,Marketing,Executive,Night,taylormichael@hotmail.com
EMP0014,Michelle Torres,D001,IT,Clerk,Night,faith84@gonzalez.com
EMP0015,Alan Nelson,D005,Marketing,Analyst,Morning,charlesjones@hotmail.com
EMP0016,Aaron Smith,D001,IT,Clerk,Morning,hriley@santiago.com
EMP0017,Linda Carroll,D002,HR,Clerk,Evening,justinstone@gmail.com
EMP0018,Sarah Keller,D004,Finance,Analyst,Morning,dwalker@yahoo.com
EMP0019,Michael Perry,D003,Sales,Analyst,Night,denise68@bailey.org
EMP0020,Scott Fuller,D003,Sales,Clerk,Night,patricialara@yahoo.com
EMP0021,Steve Hall,D001,IT,Manager,Evening,jessica80@hotmail.com
EMP0022,Nicole Leblanc,D001,IT,Clerk,Evening,roberthart@castillo-barnett.com
EMP0023,Susan Fisher,D003,Sales,Analyst,Evening,jeffrey81@gmail.com
EMP0024,Timothy Lewis,D002,HR,Executive,Night,brookeshannon@morgan-peters.com
EMP0025,Travis Delgado,D003,Sales,Clerk,Morning,glasscassandra@yahoo.com
EMP0026,Kathleen Thompson,D003,Sales,Analyst,Evening,ualexander@chavez.net
EMP0027,Joel Newman,D002,HR,Manager,Evening,michelle26@williamson-nguyen.com
EMP0028,John Case,D003,Sales,Executive,Evening,morrisontrevor@house-brown.com
EMP0029,Brandy Perkins,D001,IT,Executive,Evening,bowendanny@hotmail.com
EMP0030,Angela Adams,D004,Finance,Executive,Morning,tyler25@eaton.com
EMP0031,Amanda Estes,D004,Finance,Clerk,Morning,cathy15@bean.net
EMP0032,Rachel Sanchez,D003,Sales,Clerk,Evening,pbishop@hotmail.com
EMP0033,Michelle Allison,D002,HR,Manager,Evening,jamesadkins@phillips.com
EMP0034,Andrea Weaver,D004,Finance,Executive,Morning,bethanywood@reed-clayton.com
EMP0035,Misty Duke,D003,Sales,Executive,Evening,bradleykevin@stone-medina.com
EMP0036,Jordan Anderson,D005,Marketing,Manager,Night,laurabryant@andrews-patel.biz
EMP0037,Erin Hendrix,D005,Marketing,Manager,Night,daniel86@wallace-charles.com
EMP0038,Paige Barnes,D001,IT,Clerk,Evening,brooke42@lucas-howard.biz
EMP0039,Stacey Chambers,D004,Finance,Analyst,Evening,john39@jones.com
EMP0040,Brandi Kelly,D001,IT,Executive,Night,angelaking@yahoo.com
EMP0041,Desiree Boyd,D001,IT,Manager,Morning,ramirezjoseph@yahoo.com
EMP0042,Robert Malone,D005,Marketing,Analyst,Evening,adriennewaters@little-johnson.com
EMP0043,Michael Martin,D003,Sales,Analyst,Evening,christian99@thomas.biz
EMP0044,Lynn Brown,D003,Sales,Analyst,Morning,michellesimpson@hotmail.com
EMP0045,Sean Owens,D001,IT,Clerk,Night,elliottmichael@hotmail.com
EMP0046,Emily Nguyen,D005,Marketing,Clerk,Night,kelseycurtis@hotmail.com
EMP0047,Amanda Martin,D001,IT,Manager,Night,nancynguyen@hernandez.biz
EMP0048,Michael Gomez,D004,Finance,Manager,Morning,megan70@torres.com
EMP0049,Travis Jones MD,D005,Marketing,Clerk,Morning,garyrobinson@hotmail.com
EMP0050,Andrew Zuniga,D003,Sales,Analyst,Evening,marissahenderson@gmail.com
EMP0051,Travis Williams,D005,Marketing,Executive,Evening,zbell@hotmail.com
EMP0052,Deborah Moreno,D002,HR,Clerk,Morning,christopherdominguez@watts-bennett.info
EMP0053,Paul Mendez,D003,Sales,Executive,Evening,angela91@landry.org
EMP0054,Luke Dorsey MD,D002,HR,Analyst,Night,kendra36@johnson.org
EMP0055,Jennifer Rodriguez,D002,HR,Executive,Morning,ysmith@mathews.com
EMP0056,James Davis,D002,HR,Executive,Morning,murraywanda@gates-rice.org
EMP0057,Jenny Davies,D001,IT,Clerk,Morning,danielmolina@hotmail.com
EMP0058,Blake Foster,D004,Finance,Clerk,Night,kyle55@hotmail.com
EMP0059,Tara Murphy,D003,Sales,Manager,Morning,candacebrown@gmail.com
EMP0060,Alan Reilly,D004,Finance,Analyst,Morning,vhenry@yahoo.com
EMP0061,Mrs. Tracy Silva,D002,HR,Analyst,Morning,gabriela53@ford-richards.org
EMP0062,Mary Jackson,D005,Marketing,Manager,Morning,mcampos@yahoo.com
EMP0063,Sydney Lewis,D001,IT,Executive,Morning,mcknightcalvin@yahoo.com
EMP0064,Devin Flores,D004,Finance,Analyst,Evening,holderjustin@nelson.com
EMP0065,Kevin Rivera,D005,Marketing,Analyst,Morning,chapmankristina@moore.biz
EMP0066,Terri Wright,D002,HR,Clerk,Morning,brian41@yahoo.com
EMP0067,Brandon Hickman,D005,Marketing,Manager,Morning,curtisjohn@hinton.org
EMP0068,Edward Blair,D002,HR,Analyst,Morning,edwardwheeler@yahoo.com
EMP0069,Miss Alicia Gutierrez,D002,HR,Executive,Night,johnchase@robinson.biz
EMP0070,Angelica Sanchez,D005,Marketing,Executive,Morning,zkim@yahoo.com
EMP0071,Brian Coleman,D005,Marketing,Manager,Morning,morrisonmatthew@hotmail.com
EMP0072,Sylvia Hogan,D004,Finance,Executive,Evening,kruiz@hotmail.com
EMP0073,Christie Edwards,D002,HR,Executive,Night,pamelacameron@yahoo.com
EMP0074,Susan Gray,D005,Marketing,Executive,Morning,whitneyshea@gmail.com
EMP0075,Mario Moreno,D003,Sales,Clerk,Night,victorwallace@yahoo.com
EMP0076,Brandon Davidson,D001,IT,Executive,Evening,xmiles@gmail.com
EMP0077,Carrie Osborn,D005,Marketing,Manager,Night,keithdeborah@hotmail.com
EMP0078,Sheila Guzman,D003,Sales,Clerk,Night,danielscott@goodwin.com
EMP0079,Michael Graham,D002,HR,Clerk,Evening,hsmith@morgan.net
EMP0080,Terry Gomez,D001,IT,Executive,Night,bbryant@parsons.com
EMP0081,Jay Rice,D005,Marketing,Executive,Evening,knoxcody@cunningham-white.com
EMP0082,Caleb Ford,D002,HR,Clerk,Evening,ellischristopher@walls.info
EMP0083,Stephanie Wilson,D005,Marketing,Analyst,Evening,kevinrangel@hotmail.com
EMP0084,Daniel Lowe,D004,Finance,Analyst,Night,richmondjerry@yahoo.com
EMP0085,Tracy Nguyen,D005,Marketing,Manager,Morning,travisgarza@berry-gutierrez.com
EMP0086,Emily Jackson,D004,Finance,Analyst,Morning,gonzalesdavid@hotmail.com
EMP0087,Teresa Dorsey,D005,Marketing,Analyst,Morning,xblack@hotmail.com
EMP0088,Zachary Howard,D004,Finance,Analyst,Night,morgansandoval@hotmail.com
EMP0089,Stephanie Peterson,D004,Finance,Executive,Night,william52@yahoo.com
EMP0090,Alison Everett,D003,Sales,Analyst,Morning,jenkinsjasmine@hotmail.com
EMP0091,Ashley Walton,D002,HR,Manager,Morning,katherine75@walton.com
EMP0092,Brian Carlson,D001,IT,Clerk,Morning,kennethbrown@hotmail.com
EMP0093,Sheila Medina,D004,Finance,Analyst,Night,craigrichards@wang.com
EMP0094,Alyssa Sanford,D001,IT,Manager,Evening,nhodges@gmail.com
EMP0095,Mary Chan,D004,Finance,Executive,Morning,edgarhawkins@johnson.com
EMP0096,Dwayne Garcia,D004,Finance,Manager,Morning,jennifer13@ramirez.com
EMP0097,Courtney Howard,D001,IT,Manager,Morning,julieholt@huffman.com
EMP0098,Christian Watson,D002,HR,Executive,Morning,charlesrangel@taylor.com
EMP0099,Kevin Adams,D004,Finance,Executive,Evening,ibarraeric@larsen-oconnor.info
EMP0100,Cassandra Patterson,D001,IT,Manager,Night,whitemargaret@kaufman.com
EMP0101,Kent Hall,D002,HR,Executive,Evening,loganbanks@yahoo.com
EMP0102,Annette Simmons,D002,HR,Clerk,Evening,ywolfe@joseph.com
EMP0103,Sara Harris,D004,Finance,Executive,Morning,leonardmaria@snow-frazier.biz
EMP0104,Angela Cohen,D003,Sales,Executive,Morning,norman65@greer.com
EMP0105,Kimberly Lewis,D002,HR,Executive,Morning,jessica82@gmail.com
EMP0106,Heather Ramsey,D001,IT,Analyst,Morning,imartinez@sanchez-wheeler.com
EMP0107,Emily Jenkins,D004,Finance,Executive,Morning,briansuarez@hotmail.com
EMP0108,Danielle Bell MD,D004,Finance,Analyst,Morning,dylan47@abbott.net
EMP0109,Kristine Simon,D003,Sales,Analyst,Evening,ryanbailey@gmail.com
EMP0110,Andrew Little,D004,Finance,Analyst,Night,daniel23@deleon.com
EMP0111,Marc Watts,D004,Finance,Clerk,Night,jbishop@hotmail.com
EMP0112,Leonard Gilbert,D005,Marketing,Analyst,Morning,colleen92@edwards.com
EMP0113,Matthew Simmons,D003,Sales,Clerk,Evening,kimberly19@lee-hughes.org
EMP0114,Alexander Young,D004,Finance,Manager,Night,alowe@yahoo.com
EMP0115,Shannon Davis,D002,HR,Analyst,Night,casey01@hotmail.com
EMP0116,Gabrielle Townsend,D001,IT,Executive,Evening,ricky66@gmail.com
EMP0117,Nicholas Taylor,D004,Finance,Executive,Evening,rodrigueznicholas@noble.info
EMP0118,Elizabeth Hall,D001,IT,Executive,Night,qmarshall@horne.info
EMP0119,Erika Haynes,D004,Finance,Executive,Evening,scottmason@sosa-snyder.com
EMP0120,Christopher Arias,D004,Finance,Executive,Evening,brownlisa@gill.com
EMP0121,Tara Scott,D002,HR,Analyst,Evening,sarahweber@mason-jones.com
EMP0122,Chad Cabrera,D003,Sales,Analyst,Evening,peckkimberly@gmail.com
EMP0123,Erik Diaz,D002,HR,Manager,Morning,stephenbyrd@gmail.com
EMP0124,Karen James,D004,Finance,Clerk,Morning,jaimefitzgerald@salas.com
EMP0125,Anthony Snyder,D005,Marketing,Analyst,Morning,michaelwilson@hotmail.com
EMP0126,William Wolfe,D003,Sales,Manager,Night,warrentammy@williams.biz
EMP0127,Jennifer Lawson,D001,IT,Analyst,Evening,smithrandall@rose.biz
EMP0128,Kyle Wilson,D005,Marketing,Manager,Evening,elizabeth62@randall.biz
EMP0129,Ann West,D001,IT,Clerk,Evening,annawallace@cox.info
EMP0130,Ashley Lynch,D004,Finance,Analyst,Evening,tatetrevor@hanson.com
EMP0131,Timothy Rogers,D004,Finance,Manager,Night,cbauer@howard.info
EMP0132,Brittany Gilbert,D001,IT,Manager,Morning,jjimenez@hinton-mosley.com
EMP0133,Melissa Leonard,D004,Finance,Clerk,Morning,rodrigueznancy@love-miller.com
EMP0134,Mrs. Deborah Hernandez,D005,Marketing,Clerk,Night,angelashley@hotmail.com
EMP0135,Mr. Ronald Hobbs,D005,Marketing,Clerk,Night,zfreeman@hotmail.com
EMP0136,Margaret Gaines,D002,HR,Manager,Morning,livingstonderek@hotmail.com
EMP0137,Bethany Pena,D003,Sales,Executive,Evening,kathleenkirk@gmail.com
EMP0138,Andrea Robinson,D003,Sales,Manager,Night,gaytiffany@nelson.com
EMP0139,Gregg Green,D002,HR,Executive,Evening,vjames@levine.com
EMP0140,Heather Wilson,D002,HR,Manager,Morning,james02@thomas-may.net
EMP0141,Jesse Fry,D002,HR,Clerk,Evening,bdaniels@miller-mcgee.net
EMP0142,Preston Ford,D001,IT,Manager,Evening,daniel15@yahoo.com
EMP0143,Kelly Salinas,D004,Finance,Executive,Evening,jeffflores@cruz.com
EMP0144,Caleb Guerra,D001,IT,Executive,Night,diana86@gmail.com
EMP0145,Joseph Miller,D001,IT,Executive,Evening,matthew08@williams.com
EMP0146,Adam Graham,D004,Finance,Manager,Morning,gardnereric@hotmail.com
EMP0147,Michelle Bradford,D004,Finance,Analyst,Evening,kellybradley@perry.com
EMP0148,Timothy Ramirez,D004,Finance,Analyst,Night,nicole82@yahoo.com
EMP0149,Amanda Osborne,D005,Marketing,Executive,Night,brandon28@wells.com
EMP0150,Anna Chavez,D001,IT,Manager,Night,lodom@peterson.com
EMP0151,Anthony Jones Jr.,D004,Finance,Clerk,Evening,cevans@obrien.info
EMP0152,Dennis Kim,D004,Finance,Clerk,Night,awashington@torres.com
EMP0153,Kenneth Woods,D005,Marketing,Manager,Evening,ssherman@yahoo.com
EMP0154,Jennifer Williams,D005,Marketing,Clerk,Morning,darren39@gmail.com
EMP0155,Cynthia Lamb,D001,IT,Manager,Morning,fernandezjody@yahoo.com
EMP0156,Robert Tran,D002,HR,Clerk,Evening,elyons@hotmail.com
EMP0157,Valerie Villanueva,D003,Sales,Clerk,Night,zrogers@roberts.info
EMP0158,Raymond Jones,D003,Sales,Manager,Morning,zholden@campbell.com
EMP0159,Alyssa Carney,D001,IT,Manager,Morning,llambert@ortega.com
EMP0160,Karen Herrera,D003,Sales,Clerk,Night,vvaldez@holt-taylor.com
EMP0161,Pamela Schaefer,D005,Marketing,Clerk,Evening,ehardy@hernandez-jones.biz
EMP0162,Erin Perry,D003,Sales,Clerk,Evening,ramirezscott@hess.info
EMP0163,Carrie Edwards,D004,Finance,Analyst,Evening,jerryvega@malone-gamble.biz
EMP0164,Mr. Kenneth Williamson Jr.,D001,IT,Manager,Evening,joshua87@yahoo.com
EMP0165,Jack Garcia,D002,HR,Executive,Morning,sturner@yahoo.com
EMP0166,Kenneth Bishop,D004,Finance,Clerk,Night,dakotapowell@castillo.com
EMP0167,Ronald Guzman,D005,Marketing,Analyst,Evening,jennifer18@crawford-thompson.org
EMP0168,Emily Mckenzie,D002,HR,Executive,Night,craigmartinez@ramirez-jones.com
EMP0169,Terri Sims,D001,IT,Analyst,Night,davidholmes@patterson.com
EMP0170,Jessica Randolph,D003,Sales,Manager,Evening,meaganlamb@watson-hall.com
EMP0171,Ethan Velasquez,D001,IT,Manager,Night,osbornekimberly@weber.com
EMP0172,Teresa Underwood,D002,HR,Clerk,Evening,shermanjason@hotmail.com
EMP0173,Cindy Martin,D004,Finance,Analyst,Night,mhenson@yahoo.com
EMP0174,Barbara Mills,D003,Sales,Clerk,Morning,wilsondavid@yahoo.com
EMP0175,Matthew Davis,D001,IT,Manager,Morning,briannapowers@fowler-lewis.biz
EMP0176,Danny Greene,D001,IT,Clerk,Night,tbrown@bailey.biz
EMP0177,Jessica Norton,D005,Marketing,Clerk,Night,christina08@reyes-jimenez.com
EMP0178,Christopher Sherman,D004,Finance,Manager,Evening,sean78@johnson.com
EMP0179,Guy Castaneda,D005,Marketing,Manager,Evening,ejohnston@hendricks-zamora.net
EMP0180,Maria Jones,D004,Finance,Clerk,Morning,castillochristy@gmail.com
EMP0181,Philip Reyes,D001,IT,Clerk,Morning,curtischristine@yahoo.com
EMP0182,Crystal Johnson,D005,Marketing,Manager,Evening,psanford@woodward.com
EMP0183,Jennifer Russo,D004,Finance,Clerk,Night,jasonhardin@yahoo.com
EMP0184,Keith Espinoza,D002,HR,Manager,Morning,carlaobrien@gmail.com
EMP0185,Dorothy Wood,D003,Sales,Manager,Morning,dmorgan@yahoo.com
EMP0186,Christine Tyler,D001,IT,Analyst,Night,livingstonwilliam@everett-perez.com
EMP0187,Catherine Woods,D002,HR,Clerk,Evening,pbell@hotmail.com
EMP0188,Robin Jimenez,D004,Finance,Executive,Night,snyderbarbara@cantrell.info
EMP0189,Miss Sara Kent,D002,HR,Manager,Evening,carsonapril@davis.net
EMP0190,Jamie Hamilton,D005,Marketing,Analyst,Evening,chambersalyssa@gmail.com
EMP0191,Scott Fowler,D001,IT,Analyst,Night,christopher13@yahoo.com
EMP0192,Christian Mason,D001,IT,Clerk,Morning,carrie48@hotmail.com
EMP0193,Austin Patterson,D003,Sales,Manager,Evening,chaas@hotmail.com
EMP0194,Anthony Mercado,D004,Finance,Analyst,Night,eowens@gmail.com
EMP0195,Robert Jimenez,D001,IT,Clerk,Evening,hutchinsonjason@jenkins.com
EMP0196,Keith Smith,D004,Finance,Analyst,Morning,ubrown@daniels.org
EMP0197,Brad Lawrence,D005,Marketing,Manager,Morning,juan26@blackburn.org
EMP0198,Christopher Todd Jr.,D001,IT,Executive,Night,ujennings@hotmail.com
EMP0199,Kimberly Reed,D004,Finance,Clerk,Night,paula18@yahoo.com
EMP0200,Joshua George,D002,HR,Analyst,Morning,ichan@hotmail.com
EMP0201,Erica Palmer,D003,Sales,Analyst,Evening,gabriel77@hotmail.com
EMP0202,Heather Hart,D004,Finance,Analyst,Night,mariacox@mccarthy.com
EMP0203,Michael Williams,D003,Sales,Manager,Night,browndavid@yahoo.com
EMP0204,Christopher Delgado,D003,Sales,Clerk,Night,andrew44@torres.net
EMP0205,Cameron Williams,D002,HR,Executive,Morning,mejiacassie@carter.com
EMP0206,Ryan Nelson,D004,Finance,Manager,Evening,harry03@james-baird.com
EMP0207,Steven Wilson,D001,IT,Executive,Night,hunterthomas@bender-howell.com
EMP0208,Calvin Stewart,D005,Marketing,Manager,Night,john39@smith-garrison.com
EMP0209,Billy Miller,D003,Sales,Executive,Night,jenniferhurley@hall.com
EMP0210,Mark Hunt,D001,IT,Executive,Morning,zrose@gmail.com
EMP0211,Alexandra Harrell,D001,IT,Analyst,Morning,xjennings@gmail.com
EMP0212,Roy Valencia,D005,Marketing,Manager,Night,mark78@young.com
EMP0213,Daniel Payne,D005,Marketing,Analyst,Night,tony90@hotmail.com
EMP0214,Justin King,D005,Marketing,Analyst,Evening,scott89@gmail.com
EMP0215,Mathew Reyes DDS,D001,IT,Analyst,Night,richardkrueger@diaz-jordan.com
EMP0216,Jason Richardson,D002,HR,Executive,Night,johnjones@yahoo.com
EMP0217,Angela Hendrix,D001,IT,Manager,Morning,fergusonandrea@gmail.com
EMP0218,Natalie Kennedy MD,D003,Sales,Executive,Evening,wrogers@williams.net
EMP0219,David Smith,D001,IT,Analyst,Evening,lauragreer@perez-johnson.com
EMP0220,Jordan Cook,D004,Finance,Analyst,Evening,mlopez@hotmail.com
EMP0221,David Byrd,D001,IT,Executive,Morning,lloydjerry@wood.com
EMP0222,John Cook,D003,Sales,Executive,Evening,millerjessica@mccarthy.com
EMP0223,Vanessa Nelson,D004,Finance,Clerk,Morning,thomaspierce@torres-burns.com
EMP0224,Donna Wallace,D002,HR,Analyst,Morning,hilltiffany@carr.com
EMP0225,George Duke,D004,Finance,Clerk,Morning,lisa45@hill.com
EMP0226,Brian Harris,D004,Finance,Analyst,Evening,smorris@hotmail.com
EMP0227,Diane Stevens,D001,IT,Analyst,Evening,shoover@reed.com
EMP0228,David Bell,D004,Finance,Analyst,Morning,juliecarter@hotmail.com
EMP0229,Becky Wang,D004,Finance,Analyst,Evening,vthomas@harper.com
EMP0230,Tina Ho,D002,HR,Executive,Night,juan05@yahoo.com
EMP0231,Teresa Thompson,D001,IT,Executive,Morning,steelejeffrey@gmail.com
EMP0232,Nicholas Herman,D002,HR,Clerk,Morning,jenkinsnathaniel@turner.com
EMP0233,Michelle Garza,D003,Sales,Executive,Evening,imills@rivera.com
EMP0234,Dustin Dougherty,D001,IT,Analyst,Evening,dustin49@johnson-wyatt.com
EMP0235,Steven Kim,D005,Marketing,Manager,Night,bryanjessica@hotmail.com
EMP0236,Edward Eaton MD,D004,Finance,Analyst,Evening,fwilson@gmail.com
EMP0237,Richard Smith,D003,Sales,Analyst,Morning,david59@hall.com
EMP0238,Sara Boyd,D002,HR,Clerk,Evening,corey65@olson-cabrera.com
EMP0239,Victoria Gonzales,D001,IT,Clerk,Morning,christophercole@gmail.com
EMP0240,William Johnson,D005,Marketing,Manager,Night,kristen88@vaughn.com
EMP0241,Paige Davis,D003,Sales,Clerk,Evening,normanbetty@white-wise.com
EMP0242,Courtney Ochoa,D003,Sales,Manager,Night,michaelarnold@hotmail.com
EMP0243,Rebecca Keller,D004,Finance,Executive,Morning,bairdpatrick@brady.com
EMP0244,Stacey Manning,D004,Finance,Manager,Night,bradyyolanda@dillon-edwards.com
EMP0245,Crystal Parker,D002,HR,Manager,Morning,michael31@delacruz.info
EMP0246,Amy Thomas,D001,IT,Analyst,Night,jonathangrimes@alexander-hall.biz
EMP0247,Tristan Moore,D003,Sales,Clerk,Night,shuff@hotmail.com
EMP0248,Megan Hopkins,D001,IT,Analyst,Morning,gwarren@yahoo.com
EMP0249,Gerald Ford,D003,Sales,Clerk,Night,nicholas50@fisher.com
EMP0250,Andrew Porter,D002,HR,Analyst,Morning,daniellesimmons@gmail.com
EMP0251,Jason Guerra,D001,IT,Manager,Night,warnerfrank@hill.biz
EMP0252,Zachary Barker,D001,IT,Executive,Night,cheryl48@gmail.com
EMP0253,Sheri Jackson,D003,Sales,Analyst,Evening,jenniferreese@gibbs-foster.org
EMP0254,Donna Webster,D004,Finance,Manager,Night,ralphgomez@nelson-lopez.com
EMP0255,Melissa Russo,D004,Finance,Executive,Night,rhodeselizabeth@yahoo.com
EMP0256,Cody Hansen,D005,Marketing,Clerk,Night,qburch@hotmail.com
EMP0257,Sandra Turner,D004,Finance,Clerk,Night,tlee@nunez-wilson.com
EMP0258,Jeremy Johnson,D003,Sales,Analyst,Evening,alyssa90@yahoo.com
EMP0259,Michael Morris,D001,IT,Manager,Morning,flowersmartin@taylor.org
EMP0260,Larry Combs,D004,Finance,Executive,Evening,xjohnson@horton.com
EMP0261,Gregg Hunt,D001,IT,Executive,Evening,james18@carter.biz
EMP0262,Jamie Myers,D003,Sales,Executive,Evening,dyoung@gmail.com
EMP0263,Joseph Alvarez,D001,IT,Clerk,Morning,mschwartz@gmail.com
EMP0264,Timothy Johnson,D003,Sales,Executive,Morning,ellislaura@yahoo.com
EMP0265,Laura Baldwin,D005,Marketing,Analyst,Night,cdavidson@pittman.com
EMP0266,Misty Adams,D005,Marketing,Manager,Night,jamie78@gmail.com
EMP0267,Chelsea Wise,D004,Finance,Analyst,Night,sweeneycharles@smith-deleon.com
EMP0268,Robert Brady,D002,HR,Manager,Evening,rivassteven@gmail.com
EMP0269,Rebecca Vargas,D004,Finance,Manager,Evening,suzannesullivan@holt.info
EMP0270,Danny Bartlett,D004,Finance,Manager,Evening,byrdjared@hotmail.com
EMP0271,Casey Travis,D005,Marketing,Clerk,Night,lisamorris@gmail.com
EMP0272,Crystal Newton,D005,Marketing,Analyst,Evening,cwalters@gonzalez.com
EMP0273,Mr. Wayne Dudley MD,D002,HR,Analyst,Evening,zarmstrong@jordan.com
EMP0274,Shelly Chandler,D005,Marketing,Clerk,Night,goldenmichael@ball.com
EMP0275,Brian Dixon,D004,Finance,Manager,Morning,jasmine65@jackson-smith.com
EMP0276,Wendy Rollins,D001,IT,Analyst,Night,albert08@gmail.com
EMP0277,Walter Perkins,D001,IT,Manager,Night,randallmartinez@wilson-cole.com
EMP0278,Jessica Lawrence,D001,IT,Clerk,Morning,andrew04@gmail.com
EMP0279,Courtney Santos,D004,Finance,Analyst,Morning,joshuajackson@hotmail.com
EMP0280,Robert Harrell,D003,Sales,Clerk,Evening,rfitzgerald@smith-morse.com
EMP0281,Peter Graham,D002,HR,Executive,Night,caseysamuel@hotmail.com
EMP0282,Scott Matthews,D003,Sales,Executive,Evening,johnsonalexandra@yahoo.com
EMP0283,Brent Rogers,D002,HR,Clerk,Evening,sarah42@gmail.com
EMP0284,Todd Zhang,D002,HR,Executive,Night,currymelissa@chen-howell.com
EMP0285,Eric Mcintyre,D003,Sales,Clerk,Night,scottsteven@gmail.com
EMP0286,Brandon Powell,D001,IT,Clerk,Evening,tcruz@gmail.com
EMP0287,Tiffany Williams,D002,HR,Manager,Night,grantjose@hotmail.com
EMP0288,Kristi Contreras,D003,Sales,Clerk,Night,gmiller@yahoo.com
EMP0289,Penny Hudson,D004,Finance,Clerk,Evening,cgarner@hotmail.com
EMP0290,Cynthia Williams,D005,Marketing,Analyst,Morning,allenkathy@hunt.biz
EMP0291,John Carter,D004,Finance,Analyst,Evening,brian78@patel-castro.com
EMP0292,Allen Anderson III,D002,HR,Clerk,Evening,knightbradley@gmail.com
EMP0293,Sandra Henry,D005,Marketing,Analyst,Evening,danielle26@sanchez.com
EMP0294,Suzanne Smith,D003,Sales,Analyst,Morning,angelanewman@hoover-curry.com
EMP0295,Tiffany Rodriguez,D004,Finance,Analyst,Night,lisa60@gmail.com
EMP0296,Nicole Beltran,D004,Finance,Executive,Morning,howellrebecca@hotmail.com
EMP0297,Ronald Wallace,D002,HR,Analyst,Night,xdaniels@hotmail.com
EMP0298,Donna Maxwell,D003,Sales,Manager,Evening,robinsonnancy@gmail.com
EMP0299,Teresa Brooks,D004,Finance,Analyst,Night,roliver@hotmail.com
EMP0300,Donald Smith,D003,Sales,Manager,Morning,sarahwright@gmail.com
EMP0301,Kevin Bradley,D003,Sales,Executive,Night,barnesjoseph@yahoo.com
EMP0302,Shannon Sutton,D001,IT,Executive,Night,trevor69@gmail.com
EMP0303,Paige Rojas,D002,HR,Executive,Night,lpham@yahoo.com
EMP0304,Nathan Avery,D003,Sales,Executive,Evening,greenlaura@anderson.com
EMP0305,Jessica Garcia PhD,D003,Sales,Clerk,Night,emilymercer@hotmail.com
EMP0306,Chris Leon PhD,D003,Sales,Analyst,Morning,hendricksjessica@gmail.com
EMP0307,Jodi Tran,D004,Finance,Analyst,Night,mariahdougherty@hotmail.com
EMP0308,Robert Moss,D002,HR,Clerk,Evening,juliecowan@gmail.com
EMP0309,Heather Hunter,D001,IT,Clerk,Evening,megan61@webb.org
EMP0310,Jasmine Bailey,D003,Sales,Clerk,Evening,josephwhite@gmail.com
EMP0311,Brandi Hughes,D002,HR,Manager,Morning,ryan52@yahoo.com
EMP0312,Steven Farmer,D004,Finance,Clerk,Evening,zmorrison@castillo.com
EMP0313,Ryan Guzman,D001,IT,Manager,Night,lunamichael@gmail.com
EMP0314,Katherine Barron,D002,HR,Clerk,Morning,ballardrandy@yahoo.com
EMP0315,Alexandra Wolfe,D005,Marketing,Analyst,Night,charles55@williams.com
EMP0316,Alexis Olsen,D003,Sales,Manager,Morning,david66@phillips.com
EMP0317,Nancy English,D005,Marketing,Clerk,Morning,dpierce@hotmail.com
EMP0318,Victoria Cooke,D001,IT,Manager,Morning,timothyhahn@yahoo.com
EMP0319,Brenda Guerrero,D003,Sales,Clerk,Night,jessica76@stewart.info
EMP0320,Jon Payne,D002,HR,Executive,Evening,andersonmelissa@hotmail.com
EMP0321,Casey Curtis,D003,Sales,Analyst,Morning,arellanoheather@gmail.com
EMP0322,Ashley Parsons,D003,Sales,Manager,Morning,moorejustin@yahoo.com
EMP0323,Jessica Collins,D003,Sales,Manager,Evening,crawforddustin@yahoo.com
EMP0324,Angela Key,D001,IT,Analyst,Evening,theresa47@flores-smith.com
EMP0325,Dr. Alicia Hunt,D001,IT,Clerk,Morning,rossheather@bailey-white.org
EMP0326,Heather Beck,D004,Finance,Manager,Evening,vernon12@scott-caldwell.com
EMP0327,Jack Curtis,D005,Marketing,Clerk,Night,brianaclark@gmail.com
EMP0328,Mark Nixon,D004,Finance,Executive,Night,laceywaters@burton.biz
EMP0329,Jill Miller,D005,Marketing,Analyst,Evening,gyoung@gmail.com
EMP0330,Glenda Johnson,D002,HR,Executive,Morning,pthornton@ortiz.com
EMP0331,Brittany Thompson,D003,Sales,Executive,Night,brianna88@pierce.com
EMP0332,Melissa Bailey,D005,Marketing,Executive,Evening,edward05@gmail.com
EMP0333,Christy Farmer,D003,Sales,Clerk,Evening,evanstyler@yahoo.com
EMP0334,Andre English,D001,IT,Manager,Morning,tina60@gonzales.biz
EMP0335,Donna Prince,D004,Finance,Executive,Evening,vmolina@hill-miller.com
EMP0336,Chelsea Black,D004,Finance,Manager,Evening,wpierce@pierce.com
EMP0337,William Clark,D001,IT,Manager,Morning,garzanicole@gmail.com
EMP0338,Jonathon Coleman,D004,Finance,Analyst,Evening,kcastaneda@hotmail.com
EMP0339,Kimberly Willis,D004,Finance,Manager,Night,markscarrie@yahoo.com
EMP0340,Mason Henry,D003,Sales,Analyst,Evening,schambers@yahoo.com
EMP0341,Teresa Lee,D001,IT,Clerk,Morning,jonathanpugh@robinson-gomez.com
EMP0342,Renee Gallegos,D001,IT,Analyst,Night,julie44@yahoo.com
EMP0343,Brittany Mack,D005,Marketing,Executive,Morning,rodneyroberts@rogers.biz
EMP0344,Ronald Chandler,D004,Finance,Analyst,Night,shirley55@gmail.com
EMP0345,Daniel Glover,D001,IT,Analyst,Morning,egarner@wilson.com
EMP0346,John Ali,D002,HR,Manager,Evening,pittsjason@cannon.com
EMP0347,Howard Hughes,D005,Marketing,Executive,Evening,xmckinney@harrison.com
EMP0348,Penny Reyes,D004,Finance,Clerk,Morning,jfoley@rodriguez-white.com
EMP0349,Emily Griffith,D004,Finance,Clerk,Morning,lchapman@riddle.com
EMP0350,Amber Smith,D004,Finance,Manager,Night,kellerjoseph@lambert.com
EMP0351,Samantha Porter,D003,Sales,Clerk,Morning,iramos@gonzalez.org
EMP0352,John Carter,D005,Marketing,Manager,Morning,gilbertpayne@sanders.com
EMP0353,Jennifer King,D005,Marketing,Manager,Morning,pbrown@bean.com
EMP0354,Jeffery Phillips,D001,IT,Analyst,Morning,vwright@evans.org
EMP0355,Jessica Hale,D003,Sales,Executive,Night,mileskimberly@yahoo.com
EMP0356,Teresa Jackson,D003,Sales,Clerk,Night,richard81@gmail.com
EMP0357,Zachary Garcia,D003,Sales,Analyst,Morning,christensenbrianna@williams.com
EMP0358,Joseph Carter,D005,Marketing,Manager,Morning,amanda62@hotmail.com
EMP0359,Zachary Morgan,D005,Marketing,Executive,Night,valerieestrada@hotmail.com
EMP0360,John Harris,D005,Marketing,Executive,Night,michaelbowman@hotmail.com
EMP0361,Caitlin Richmond,D003,Sales,Clerk,Evening,leahfranco@potts.biz
EMP0362,Aaron Paul,D002,HR,Analyst,Night,jonathan64@williams.com
EMP0363,Leonard Long,D003,Sales,Manager,Morning,charvey@gmail.com
EMP0364,William Ayala,D002,HR,Executive,Morning,davisangela@gmail.com
EMP0365,Logan Cooper,D003,Sales,Executive,Morning,smithaustin@gmail.com
EMP0366,Laura Colon,D003,Sales,Manager,Night,victoria75@becker.com
EMP0367,Jimmy Davis,D003,Sales,Clerk,Evening,audreyrobbins@hotmail.com
EMP0368,Angela Morton,D005,Marketing,Analyst,Night,hughessherry@yahoo.com
EMP0369,Brian Kennedy,D001,IT,Analyst,Morning,obrown@gmail.com
EMP0370,Chris Stevenson,D001,IT,Executive,Night,stephenevans@hunter.net
EMP0371,James Schwartz,D001,IT,Clerk,Evening,ibrooks@castaneda.biz
EMP0372,Christina Harvey MD,D001,IT,Manager,Morning,justin36@hotmail.com
EMP0373,Carrie Carter,D005,Marketing,Manager,Evening,jcrawford@davis-wood.com
EMP0374,Michael Craig,D001,IT,Executive,Morning,angela02@schmitt-jenkins.com
EMP0375,Rhonda Tran,D003,Sales,Analyst,Morning,michael68@yahoo.com
EMP0376,Michael Ramirez,D002,HR,Analyst,Morning,angela98@jones-wilson.com
EMP0377,Kristy Gregory,D004,Finance,Manager,Morning,wilsonjames@higgins.biz
EMP0378,George Juarez,D004,Finance,Analyst,Morning,vtaylor@ramos-mendoza.com
EMP0379,Emily Robertson,D004,Finance,Analyst,Morning,crivera@hotmail.com
EMP0380,Jeremy Bell,D004,Finance,Analyst,Evening,anna58@snow.com
EMP0381,Brian Shaw,D005,Marketing,Manager,Evening,conwaysamantha@yahoo.com
EMP0382,Brad Galvan,D003,Sales,Clerk,Evening,sandra12@hotmail.com
EMP0383,James Smith,D001,IT,Manager,Morning,barrettryan@watkins.com
EMP0384,Laura Hayes,D001,IT,Executive,Night,phebert@yahoo.com
EMP0385,Mr. Matthew Bowen,D002,HR,Manager,Morning,jessicachavez@chandler-miller.com
EMP0386,Donna Riley,D004,Finance,Analyst,Morning,denise47@mckinney.biz
EMP0387,Amy Skinner,D001,IT,Analyst,Evening,millersamantha@pittman.com
EMP0388,Eric Macdonald,D005,Marketing,Clerk,Morning,dustin82@ramirez.com
EMP0389,Ryan Parks,D004,Finance,Analyst,Evening,mcarroll@brown.com
EMP0390,Christian Moore,D002,HR,Manager,Evening,williamsjeffrey@stewart-zamora.com
EMP0391,John Huffman,D004,Finance,Executive,Night,esmith@gmail.com
EMP0392,Adam Smith,D004,Finance,Manager,Night,jonesamanda@yahoo.com
EMP0393,Richard Young,D003,Sales,Manager,Evening,xroach@hotmail.com
EMP0394,William Edwards,D005,Marketing,Clerk,Evening,wilkinsanthony@mullins-dalton.com
EMP0395,Joshua Conner,D002,HR,Manager,Morning,christophergriffin@murray-ortiz.com
EMP0396,Mrs. Annette Russell,D005,Marketing,Executive,Morning,bishopallison@yahoo.com
EMP0397,Jared Strong,D003,Sales,Analyst,Evening,hbaker@gmail.com
EMP0398,Jerry Hall,D004,Finance,Analyst,Evening,lmyers@gmail.com
EMP0399,Olivia Davis,D005,Marketing,Analyst,Morning,orodriguez@murray-henderson.com
EMP0400,Steven Serrano,D002,HR,Executive,Evening,erica59@reyes-lopez.com
EMP0401,Barbara Lozano,D005,Marketing,Analyst,Night,hkeith@bell-davis.info
EMP0402,Karen Sanchez,D001,IT,Analyst,Morning,nmendoza@butler.info
EMP0403,Paula Graham DVM,D002,HR,Clerk,Evening,ggomez@garcia.com
EMP0404,Nicholas Griffith,D003,Sales,Clerk,Morning,matthew08@ryan-turner.com
EMP0405,James Brewer,D003,Sales,Manager,Night,wardanthony@baker.com
EMP0406,Timothy Brewer,D001,IT,Clerk,Morning,lauren37@yahoo.com
EMP0407,Karen Mckenzie,D005,Marketing,Clerk,Evening,wesleywilliamson@chavez.com
EMP0408,Jessica Kennedy,D003,Sales,Executive,Evening,juliehernandez@robertson-patterson.org
EMP0409,Andrew Johnson,D001,IT,Analyst,Night,joseph29@gmail.com
EMP0410,Tracie Chung,D005,Marketing,Analyst,Evening,rcooper@perez.com
EMP0411,Sandra Bishop,D001,IT,Manager,Night,tammy19@shah.com
EMP0412,Kevin Myers,D003,Sales,Executive,Night,troystewart@estrada.info
EMP0413,Stephanie Mccoy,D003,Sales,Executive,Morning,rmitchell@young.biz
EMP0414,Catherine Hensley,D002,HR,Clerk,Morning,mathisshawn@yahoo.com
EMP0415,Pamela Beck,D003,Sales,Executive,Morning,hendrixlori@yahoo.com
EMP0416,Danielle Brennan,D004,Finance,Executive,Evening,ndouglas@murray.com
EMP0417,Judy Ponce,D001,IT,Manager,Evening,salazarlaura@yahoo.com
EMP0418,Ms. Cynthia Collins DVM,D004,Finance,Executive,Morning,tracey38@lynch.com
EMP0419,Rebecca Webster,D005,Marketing,Analyst,Morning,cameron84@watson.com
EMP0420,Kelli Conley,D003,Sales,Clerk,Night,charlesgarrison@yahoo.com
EMP0421,David Mcintyre,D001,IT,Manager,Night,thomasbrown@gmail.com
EMP0422,Max Huang,D001,IT,Clerk,Night,melissamyers@yahoo.com
EMP0423,Natasha Gomez,D004,Finance,Analyst,Morning,reginaldsmith@kirby-franco.com
EMP0424,Jennifer Briggs,D004,Finance,Manager,Morning,amandadecker@walsh.com
EMP0425,Taylor Rogers,D003,Sales,Analyst,Morning,pchurch@olsen.org
EMP0426,Bryan Nixon,D005,Marketing,Clerk,Evening,nmatthews@hotmail.com
EMP0427,Phillip Roberts,D002,HR,Manager,Morning,linda97@frazier.net
EMP0428,Brandon Washington,D004,Finance,Analyst,Night,aaronstone@yahoo.com
EMP0429,Randy Ortega,D003,Sales,Executive,Night,calvinschmidt@anderson-singh.com
EMP0430,Mr. Allen Hernandez,D005,Marketing,Analyst,Morning,zachary72@gmail.com
EMP0431,Bryan May,D002,HR,Clerk,Morning,torresdennis@tate.com
EMP0432,Benjamin Ferguson,D004,Finance,Manager,Evening,jessica38@gmail.com
EMP0433,Jeffrey Ross,D003,Sales,Executive,Evening,qwilliams@gmail.com
EMP0434,Jeffrey Lawson,D001,IT,Manager,Morning,maryhunt@gmail.com
EMP0435,Michael Howell,D002,HR,Manager,Evening,matthewmitchell@hotmail.com
EMP0436,Joanna Campos,D001,IT,Manager,Night,gwilson@jackson-hill.com
EMP0437,Sally Hudson,D003,Sales,Executive,Night,amy57@gmail.com
EMP0438,Becky Williams,D004,Finance,Manager,Morning,jasminewood@porter-wilcox.com
EMP0439,Richard Krause,D004,Finance,Analyst,Morning,jessicahunt@adams.com
EMP0440,Stephen Scott,D003,Sales,Clerk,Night,wjohnson@gmail.com
EMP0441,Cynthia Evans,D004,Finance,Clerk,Evening,mhall@mullins.net
EMP0442,Charles Lozano,D004,Finance,Analyst,Evening,kelleyamy@hotmail.com
EMP0443,Mary Schneider,D005,Marketing,Analyst,Evening,teresaprice@zimmerman.com
EMP0444,Sherry Stevens,D001,IT,Executive,Morning,tara16@padilla-smith.com
EMP0445,Victoria Bennett,D002,HR,Analyst,Evening,lgarcia@fernandez-lewis.com
EMP0446,Kevin Wallace,D004,Finance,Manager,Night,donald25@gmail.com
EMP0447,Ashley Anderson,D002,HR,Analyst,Night,williamschultz@gonzalez-morris.com
EMP0448,Dale Farley,D002,HR,Manager,Morning,darlenelozano@yahoo.com
EMP0449,Kayla Eaton,D005,Marketing,Analyst,Night,bcrawford@hale-cantrell.com
EMP0450,Vincent King,D002,HR,Manager,Morning,ryanmiller@hotmail.com
EMP0451,Allen Lam,D005,Marketing,Analyst,Morning,christythompson@owen.com
EMP0452,Sydney Gaines,D005,Marketing,Executive,Morning,ericdavis@zuniga.com
EMP0453,Tiffany Martin,D005,Marketing,Manager,Evening,ashleyhammond@johnson.info
EMP0454,Rodney Patel,D002,HR,Clerk,Morning,joshuaheath@gmail.com
EMP0455,Jacqueline Young,D004,Finance,Analyst,Night,qcuevas@hotmail.com
EMP0456,Mrs. Christine Martinez,D004,Finance,Manager,Evening,fhale@yahoo.com
EMP0457,Ivan Brown,D005,Marketing,Executive,Evening,andrewskristen@hotmail.com
EMP0458,Stacy Myers,D001,IT,Executive,Night,grichardson@hotmail.com
EMP0459,Justin Cole,D002,HR,Clerk,Evening,kimeileen@stevens-mueller.org
EMP0460,Joshua Chandler,D001,IT,Executive,Evening,wagnertracy@yahoo.com
EMP0461,Amanda May,D005,Marketing,Analyst,Evening,debbieacosta@price-young.info
EMP0462,Matthew Donaldson,D005,Marketing,Clerk,Night,calvingray@hotmail.com
EMP0463,Amanda Wiggins,D003,Sales,Analyst,Night,james18@faulkner.com
EMP0464,Todd Miller,D004,Finance,Manager,Morning,breanna09@vincent-mueller.org
EMP0465,Steven Reyes,D004,Finance,Analyst,Evening,tiffany30@white.com
EMP0466,Pamela Garcia,D003,Sales,Clerk,Night,jermaine58@henry-king.info
EMP0467,Suzanne Sanford,D003,Sales,Manager,Evening,wardvictoria@hotmail.com
EMP0468,Tanya Smith,D003,Sales,Clerk,Evening,jasonsanders@reed.biz
EMP0469,Ryan Ramirez,D001,IT,Analyst,Night,bauerpaul@gmail.com
EMP0470,Patrick Montoya,D003,Sales,Manager,Night,robinsonryan@cordova-rogers.org
EMP0471,Lance Stone,D005,Marketing,Executive,Morning,kennethmckinney@hotmail.com
EMP0472,Matthew Castillo,D002,HR,Executive,Night,huntersteven@gmail.com
EMP0473,Valerie Baker,D003,Sales,Manager,Morning,coxstephen@mclaughlin-russell.com
EMP0474,Susan Guzman,D005,Marketing,Analyst,Night,huynhelizabeth@yahoo.com
EMP0475,Michael Farrell,D003,Sales,Analyst,Morning,geoffrey70@valdez.com
EMP0476,Amber Hooper,D001,IT,Executive,Evening,lisa48@kelly-taylor.biz
EMP0477,Pamela Williams,D004,Finance,Analyst,Night,dawnking@gmail.com
EMP0478,Kelly Wilson,D005,Marketing,Executive,Morning,underwoodlindsey@gmail.com
EMP0479,Dale Hart,D005,Marketing,Manager,Evening,dschroeder@gmail.com
EMP0480,Melissa Andrade,D002,HR,Manager,Morning,mayergabriel@hotmail.com
EMP0481,Sheri Rodriguez,D003,Sales,Manager,Night,reginathompson@reynolds-campbell.com
EMP0482,Ryan Sandoval,D003,Sales,Executive,Evening,gfarmer@miller.com
EMP0483,Charlene Harris,D001,IT,Clerk,Morning,larry81@roberts.com
EMP0484,Jeffrey Thomas,D004,Finance,Analyst,Morning,fwoodard@castillo.org
EMP0485,Devon Brewer,D004,Finance,Manager,Morning,sharptimothy@daniels.com
EMP0486,Michael Hill,D004,Finance,Clerk,Evening,utran@morris-johnson.info
EMP0487,Wayne Johnson,D005,Marketing,Manager,Morning,vjones@cook-leonard.org
EMP0488,Melissa Best,D001,IT,Manager,Night,ktaylor@wang-gonzales.com
EMP0489,Jessica Griffith,D003,Sales,Clerk,Evening,burchjacob@allison.net
EMP0490,Connie Rocha,D003,Sales,Clerk,Morning,rose33@duran-eaton.org
EMP0491,Tyler Perez,D004,Finance,Clerk,Evening,kwilliams@yahoo.com
EMP0492,Jacqueline Shaw,D004,Finance,Manager,Morning,xhall@yahoo.com
EMP0493,Jessica Cook,D004,Finance,Executive,Evening,martinjared@coleman.biz
EMP0494,Nathan Soto,D003,Sales,Clerk,Morning,zamoramelvin@gmail.com
EMP0495,Jeffrey Roberts,D005,Marketing,Analyst,Morning,sandovaljay@branch-holloway.com
EMP0496,Charles Stewart,D001,IT,Manager,Morning,kristen34@boyd.info
EMP0497,Emily Ross,D003,Sales,Clerk,Night,timothywalsh@yahoo.com
EMP0498,Brandon Simpson,D001,IT,Executive,Night,dshaw@hotmail.com
EMP0499,Shirley Nielsen,D003,Sales,Manager,Night,zpearson@yahoo.com
EMP0500,Christopher Ramos,D004,Finance,Analyst,Morning,kingeugene@gmail.com
EMP0501,Andrew Johnson,D005,Marketing,Clerk,Evening,kathywilliams@mcdaniel.org
EMP0502,Jason Evans,D005,Marketing,Manager,Morning,whoward@yates.net
EMP0503,Melissa Terrell,D001,IT,Manager,Night,scott67@gardner-ayala.com
EMP0504,Amber Reed,D003,Sales,Analyst,Night,lynnbrown@bass-rodgers.com
EMP0505,Christy Long,D003,Sales,Executive,Morning,amber41@gmail.com
EMP0506,Tracy Fowler,D001,IT,Executive,Evening,moyerdavid@hotmail.com
EMP0507,Jacob King,D004,Finance,Executive,Morning,dianapittman@hotmail.com
EMP0508,Dorothy Peck,D003,Sales,Manager,Night,donnawolf@dunn-perez.net
EMP0509,Tamara Bell,D003,Sales,Executive,Morning,hwright@yahoo.com
EMP0510,Kristy Wilson,D002,HR,Analyst,Morning,nsawyer@rivera-robinson.com
EMP0511,Jeremy Gomez,D004,Finance,Manager,Night,mgould@hotmail.com
EMP0512,Anthony Lamb,D001,IT,Manager,Night,foxjordan@hotmail.com
EMP0513,Melissa Smith,D005,Marketing,Clerk,Evening,robertross@torres.com
EMP0514,Susan Fry,D004,Finance,Analyst,Morning,sjones@yahoo.com
EMP0515,Daniel Ross III,D005,Marketing,Manager,Night,lisamayer@yahoo.com
EMP0516,Emily Schmidt,D001,IT,Executive,Morning,diane14@carr-hunt.com
EMP0517,Kelly Stanton,D001,IT,Clerk,Evening,mark73@sullivan-white.com
EMP0518,Michael Aguilar,D001,IT,Manager,Night,randysmith@morris-carpenter.com
EMP0519,Crystal Cantrell,D003,Sales,Analyst,Morning,fweber@yahoo.com
EMP0520,Robert Gray,D004,Finance,Analyst,Morning,mtaylor@howell.com
EMP0521,Mason Valenzuela,D005,Marketing,Analyst,Evening,michaellester@tran.com
EMP0522,Tyler Lane,D001,IT,Executive,Evening,nmontes@fuentes-jackson.com
EMP0523,Susan Grimes,D005,Marketing,Executive,Morning,christy39@flores.com
EMP0524,Laura Mills,D001,IT,Analyst,Morning,rodriguezkevin@yahoo.com
EMP0525,Ryan Roberts,D004,Finance,Clerk,Morning,sara23@hotmail.com
EMP0526,Robert Collins,D004,Finance,Clerk,Night,yodersusan@hotmail.com
EMP0527,Danielle Williams,D002,HR,Executive,Morning,melendezchristian@wilkinson.com
EMP0528,Angie Clark,D002,HR,Manager,Night,ldiaz@norris-lucas.com
EMP0529,Paula Summers,D001,IT,Clerk,Night,cynthiahall@jordan.com
EMP0530,Robert Davis,D002,HR,Clerk,Morning,duncankeith@yahoo.com
EMP0531,Kevin Mcneil,D004,Finance,Analyst,Night,theresaochoa@yahoo.com
EMP0532,Michelle Shaw,D001,IT,Manager,Evening,award@gmail.com
EMP0533,Anthony Madden,D003,Sales,Executive,Night,joshua24@guerrero.info
EMP0534,Ronald Barnes,D005,Marketing,Clerk,Evening,rebeccabrown@cole-sullivan.com
EMP0535,Calvin Hartman,D002,HR,Manager,Morning,hwilson@smith-price.com
EMP0536,Travis Bryant,D005,Marketing,Clerk,Night,williamskelly@mccall.com
EMP0537,Daniel Johnson,D001,IT,Manager,Night,julia30@foster.biz
EMP0538,Sara Griffin,D005,Marketing,Manager,Night,stephenfinley@dyer.com
EMP0539,Kristopher Harris,D003,Sales,Executive,Evening,pagejames@thomas-vargas.org
EMP0540,Dr. Christine White,D004,Finance,Executive,Night,hrocha@yahoo.com
EMP0541,Nicole Clark,D002,HR,Analyst,Night,wardtamara@beck.com
EMP0542,Crystal Downs,D001,IT,Executive,Evening,timothybaker@hotmail.com
EMP0543,Kenneth Luna,D005,Marketing,Clerk,Night,darius10@hernandez-wright.com
EMP0544,Victoria Strickland,D001,IT,Analyst,Night,sarahwallace@ferguson-bowen.com
EMP0545,James Logan,D003,Sales,Executive,Morning,cynthia25@hotmail.com
EMP0546,Tanya Silva MD,D001,IT,Manager,Morning,fhurst@stanley.net
EMP0547,Luis Turner,D004,Finance,Clerk,Evening,teresa27@martinez.com
EMP0548,Curtis Jones,D002,HR,Analyst,Morning,james82@hotmail.com
EMP0549,Donald Warner,D001,IT,Analyst,Night,mark72@gmail.com
EMP0550,Joshua Anderson,D001,IT,Executive,Morning,hansenjesse@melton.com
EMP0551,Brittany Garcia,D004,Finance,Executive,Morning,freed@gmail.com
EMP0552,Thomas Pierce,D001,IT,Clerk,Night,cpatterson@yahoo.com
EMP0553,Christine Lin,D004,Finance,Executive,Morning,shelly27@gmail.com
EMP0554,Tracy Schwartz,D004,Finance,Analyst,Evening,franklinlisa@hotmail.com
EMP0555,Stacey Jones,D003,Sales,Analyst,Morning,wjohnson@hotmail.com
EMP0556,Deanna Jensen,D004,Finance,Executive,Morning,paulanderson@carlson.com
EMP0557,Eric Meyers,D001,IT,Manager,Evening,whitneysnyder@yahoo.com
EMP0558,Amy Johnson,D002,HR,Manager,Morning,vazquezsarah@hotmail.com
EMP0559,Richard Andrews,D002,HR,Executive,Night,smithbenjamin@gutierrez.info
EMP0560,Dr. Brian Sanchez PhD,D001,IT,Manager,Morning,samanthabest@hotmail.com
EMP0561,Barbara Charles,D003,Sales,Analyst,Night,stevenellis@martinez.biz
EMP0562,Elizabeth Stone,D002,HR,Analyst,Night,patrickhays@gmail.com
EMP0563,Angel Lopez,D004,Finance,Executive,Night,deanna82@hotmail.com
EMP0564,Elizabeth Cordova,D003,Sales,Manager,Night,mossdakota@cox.info
EMP0565,Brian Flowers,D003,Sales,Executive,Evening,montoyaalexis@reed.com
EMP0566,Jason Meza,D005,Marketing,Analyst,Evening,barbara69@williams.info
EMP0567,Joshua Schultz,D003,Sales,Analyst,Morning,gonzalezpatrick@hill.org
EMP0568,Jeremy Bryant,D002,HR,Executive,Night,elizabeth66@yahoo.com
EMP0569,Scott Morgan,D001,IT,Analyst,Evening,xcox@smith.com
EMP0570,Renee Moss,D003,Sales,Executive,Evening,bthomas@moran-palmer.com
EMP0571,Juan Delgado,D004,Finance,Executive,Morning,fosteramber@baker-cummings.com
EMP0572,Connie Baldwin,D004,Finance,Manager,Evening,smithdeborah@gmail.com
EMP0573,Logan Skinner,D001,IT,Analyst,Morning,operez@yahoo.com
EMP0574,Edward Martinez,D003,Sales,Executive,Evening,russell29@yahoo.com
EMP0575,Zachary Cochran,D002,HR,Clerk,Night,brianwhite@collier.info
EMP0576,Scott Park,D002,HR,Clerk,Evening,stephen58@hotmail.com
EMP0577,Joseph Lamb,D004,Finance,Manager,Night,wmurray@yahoo.com
EMP0578,Jose Cline,D005,Marketing,Analyst,Morning,vgreen@gmail.com
EMP0579,Craig Ramsey,D003,Sales,Manager,Morning,dlawrence@hotmail.com
EMP0580,Christopher Diaz,D002,HR,Clerk,Morning,michelegarcia@johnson.com
EMP0581,Katherine King,D001,IT,Clerk,Morning,juanflynn@hotmail.com
EMP0582,Megan Hayden,D002,HR,Executive,Evening,wendy42@woods-cisneros.com
EMP0583,Christina Martin,D004,Finance,Clerk,Night,jillian47@roberson.com
EMP0584,Monique Long,D001,IT,Clerk,Morning,vegajustin@love.com
EMP0585,Bryce Vargas DDS,D005,Marketing,Analyst,Evening,fjohnson@yahoo.com
EMP0586,Brent White,D003,Sales,Analyst,Morning,rcherry@gmail.com
EMP0587,Brandy Brown,D001,IT,Executive,Night,lwatson@hotmail.com
EMP0588,Ryan Adams,D005,Marketing,Analyst,Morning,panderson@hardin.info
EMP0589,Laura Cross,D003,Sales,Clerk,Evening,tranmark@yahoo.com
EMP0590,Gregory Bush,D002,HR,Executive,Evening,tpatton@hotmail.com
EMP0591,Annette Sims,D004,Finance,Manager,Morning,rhonda45@smith.com
EMP0592,Jerry Reeves,D004,Finance,Analyst,Morning,kenneth49@warner-johnson.info
EMP0593,Fred Obrien,D002,HR,Analyst,Night,meyerjose@kennedy-parker.com
EMP0594,Kristine Bauer,D004,Finance,Clerk,Evening,christine19@hotmail.com
EMP0595,Karen Lee,D002,HR,Clerk,Evening,williamadams@yahoo.com
EMP0596,Anne Howard,D001,IT,Executive,Morning,saundersbrett@gmail.com
EMP0597,Michael Winters,D002,HR,Manager,Evening,robert51@hotmail.com
EMP0598,Joshua Spencer,D003,Sales,Analyst,Morning,lesterelizabeth@johnson.com
EMP0599,John James,D002,HR,Clerk,Morning,luke52@orozco.com
EMP0600,Samuel Goodwin,D003,Sales,Analyst,Night,vjones@wright.com
EMP0601,Jennifer Ochoa,D002,HR,Analyst,Morning,npatton@harris.net
EMP0602,Andrew Rice,D001,IT,Analyst,Morning,hansenjoseph@gmail.com
EMP0603,Joseph Koch,D005,Marketing,Analyst,Night,catherinesalinas@paul.net
EMP0604,Perry Stevenson,D002,HR,Executive,Night,ghopkins@eaton-hughes.info
EMP0605,Carmen Wilson,D005,Marketing,Executive,Evening,emilymurphy@bennett-howard.com
EMP0606,Valerie Rose,D001,IT,Clerk,Night,pmorton@yahoo.com
EMP0607,Timothy Brown,D004,Finance,Clerk,Evening,amber48@hotmail.com
EMP0608,Cheryl Holmes,D004,Finance,Analyst,Morning,hillderek@hotmail.com
EMP0609,Rodney Frazier,D004,Finance,Manager,Evening,townsendabigail@miller.com
EMP0610,Robert Fisher,D001,IT,Executive,Morning,christophermccoy@ray.info
EMP0611,Robin Brennan,D005,Marketing,Analyst,Evening,hholloway@yahoo.com
EMP0612,Emily West,D001,IT,Manager,Evening,julian86@yates.info
EMP0613,Nicole Taylor,D002,HR,Clerk,Night,owensangela@hotmail.com
EMP0614,Patricia Yoder,D001,IT,Executive,Morning,meredith76@yahoo.com
EMP0615,John Hood,D001,IT,Manager,Morning,hbradley@yahoo.com
EMP0616,Donald Ellis,D002,HR,Executive,Morning,richard02@gmail.com
EMP0617,Christina Rogers,D003,Sales,Manager,Night,norman88@hotmail.com
EMP0618,Peter Lewis,D004,Finance,Manager,Morning,hermanrichard@hotmail.com
EMP0619,Frank Walton,D001,IT,Clerk,Night,sarahharrison@scott.com
EMP0620,Anna Munoz,D005,Marketing,Manager,Night,ianhodges@shields.org
EMP0621,Katherine Mitchell,D003,Sales,Executive,Night,ricky48@gmail.com
EMP0622,Anthony Sutton,D005,Marketing,Analyst,Evening,lynchelizabeth@yahoo.com
EMP0623,John Henson,D003,Sales,Manager,Morning,alexanderwood@yahoo.com
EMP0624,Alexis Nguyen,D005,Marketing,Clerk,Evening,vflores@archer-mcclure.com
EMP0625,Patrick Hogan,D003,Sales,Executive,Night,englishthomas@garcia.com
EMP0626,Julian Small,D002,HR,Executive,Night,pam56@lawson-martin.com
EMP0627,Misty Wagner DDS,D004,Finance,Clerk,Evening,christopherheath@hotmail.com
EMP0628,Jane Walker,D002,HR,Clerk,Morning,rparsons@yahoo.com
EMP0629,Christian Hays,D005,Marketing,Executive,Morning,sheltondouglas@hotmail.com
EMP0630,Dr. Tara Garcia,D003,Sales,Manager,Evening,brandonharding@gmail.com
EMP0631,Leonard Jones,D004,Finance,Analyst,Night,leelisa@hotmail.com
EMP0632,Valerie Li,D003,Sales,Analyst,Night,gregory00@scott.net
EMP0633,Andrew Gillespie,D002,HR,Manager,Morning,emmaphillips@hotmail.com
EMP0634,Whitney Hill,D005,Marketing,Executive,Night,singhanna@hotmail.com
EMP0635,Nicholas Austin,D004,Finance,Executive,Evening,ramosaaron@leach.org
EMP0636,Victoria Rios,D004,Finance,Manager,Morning,jason67@burton.com
EMP0637,Steven Hernandez,D005,Marketing,Executive,Night,amy23@hotmail.com
EMP0638,Thomas Steele,D001,IT,Executive,Evening,martinrichard@martinez-williams.net
EMP0639,Jorge Carroll,D003,Sales,Analyst,Night,tina06@yahoo.com
EMP0640,Karen Hughes,D003,Sales,Clerk,Evening,hudsonpeggy@gmail.com
EMP0641,Donald Bruce,D001,IT,Executive,Night,vcunningham@gmail.com
EMP0642,Patrick Sullivan,D004,Finance,Manager,Evening,coreyle@hotmail.com
EMP0643,Alicia Cox,D003,Sales,Clerk,Night,kroberts@velasquez.net
EMP0644,Diane Lewis,D005,Marketing,Executive,Evening,davidbeasley@gmail.com
EMP0645,Jessica Austin,D001,IT,Analyst,Evening,wdominguez@gmail.com
EMP0646,Linda Wright,D004,Finance,Executive,Morning,luis55@gmail.com
EMP0647,Ryan Ramirez,D001,IT,Executive,Night,crystalallen@mccoy-york.biz
EMP0648,Linda Williams,D005,Marketing,Clerk,Evening,xpena@boyer.info
EMP0649,Timothy Jones,D004,Finance,Clerk,Evening,vdixon@palmer.com
EMP0650,Melissa Cook,D001,IT,Manager,Evening,annmorris@west-gomez.biz
EMP0651,Julia Romero,D001,IT,Clerk,Evening,bellcarrie@jackson-randall.com
EMP0652,Michael Weaver,D005,Marketing,Analyst,Night,uyoung@kelly-howard.biz
EMP0653,Amanda Morgan,D004,Finance,Analyst,Night,susanbell@dean.net
EMP0654,Donna Booth,D005,Marketing,Analyst,Evening,williampeterson@hotmail.com
EMP0655,Eric Johnson,D002,HR,Executive,Night,jonathanwelch@blackburn-miller.com
EMP0656,Craig Harris,D001,IT,Clerk,Morning,williamsdesiree@myers-park.info
EMP0657,Amy Johnson,D002,HR,Clerk,Evening,nbarnett@gmail.com
EMP0658,Katherine Yang,D003,Sales,Manager,Night,sandrahill@burton-collier.info
EMP0659,Kimberly Hopkins DVM,D005,Marketing,Analyst,Night,robinsondavid@grant-adams.com
EMP0660,Wendy Huang,D002,HR,Clerk,Evening,clarkcourtney@hotmail.com
EMP0661,Brian Barnes,D002,HR,Analyst,Night,davidmarshall@gmail.com
EMP0662,Kelly Wallace,D005,Marketing,Executive,Night,ulee@gmail.com
EMP0663,James Savage,D005,Marketing,Executive,Morning,scott27@hotmail.com
EMP0664,Elizabeth Mcdaniel,D003,Sales,Executive,Morning,chicks@gmail.com
EMP0665,Michael Fry Jr.,D003,Sales,Clerk,Evening,kyledyer@yahoo.com
EMP0666,Jeffrey Robertson,D004,Finance,Clerk,Night,ewright@hotmail.com
EMP0667,Ashley Rosales,D002,HR,Executive,Morning,danielle96@powell.biz
EMP0668,Susan Shaw,D002,HR,Clerk,Morning,matthew70@choi.com
EMP0669,Jasmine Larson,D005,Marketing,Manager,Night,danielle70@yahoo.com
EMP0670,Jonathan Perez,D005,Marketing,Executive,Morning,diazfrancis@hotmail.com
EMP0671,Stephen Garner,D003,Sales,Analyst,Evening,careyian@brown.com
EMP0672,Michael Nunez,D005,Marketing,Analyst,Evening,pwood@yahoo.com
EMP0673,Kari Brewer,D003,Sales,Analyst,Night,jennifer40@stevenson.org
EMP0674,April Haney,D002,HR,Clerk,Morning,ggonzalez@hotmail.com
EMP0675,Katie Gonzalez,D003,Sales,Executive,Morning,zaguilar@yahoo.com
EMP0676,Lisa Oliver,D003,Sales,Manager,Morning,petersmckenzie@nelson.info
EMP0677,Alicia Anderson,D002,HR,Manager,Evening,smullins@logan.com
EMP0678,Maria Williams,D002,HR,Manager,Evening,iscott@hotmail.com
EMP0679,Cristian Kemp,D005,Marketing,Manager,Evening,thomassmith@gmail.com
EMP0680,Cameron Russell,D001,IT,Clerk,Morning,kyleduncan@yahoo.com
EMP0681,Matthew Raymond,D001,IT,Clerk,Evening,uhall@hotmail.com
EMP0682,Lauren Tran,D003,Sales,Clerk,Morning,lunakyle@melton-hernandez.com
EMP0683,Jennifer Fletcher,D004,Finance,Analyst,Evening,jwilliams@hotmail.com
EMP0684,Michael Stanley,D001,IT,Manager,Evening,pattersondavid@hotmail.com
EMP0685,Andre Kelly,D002,HR,Executive,Morning,colleen08@hatfield-washington.com
EMP0686,Steven Mcneil,D002,HR,Manager,Morning,yanderson@yahoo.com
EMP0687,Katherine Merritt,D002,HR,Manager,Night,adamsmaureen@yahoo.com
EMP0688,Justin Cook,D003,Sales,Analyst,Morning,blankenshiptheresa@johnson.com
EMP0689,Kelsey Martin,D004,Finance,Analyst,Night,nathan39@wright.com
EMP0690,Ryan Stokes Jr.,D001,IT,Manager,Evening,christian25@gmail.com
EMP0691,Marie Cruz,D001,IT,Clerk,Evening,whickman@clements.com
EMP0692,Albert Matthews,D005,Marketing,Clerk,Evening,hintonkenneth@yahoo.com
EMP0693,Henry Clark,D005,Marketing,Analyst,Morning,david55@moore-blair.com
EMP0694,Anita Martin,D002,HR,Manager,Night,vanessahall@gmail.com
EMP0695,Megan Nguyen,D004,Finance,Clerk,Evening,jenkinsholly@yahoo.com
EMP0696,Raymond Kerr,D004,Finance,Manager,Evening,susan75@hotmail.com
EMP0697,Steven Ray,D004,Finance,Executive,Night,perezelizabeth@hotmail.com
EMP0698,Courtney Ramirez,D004,Finance,Manager,Night,jmaxwell@fuller-morton.com
EMP0699,Brian Hill,D004,Finance,Executive,Morning,georgeallen@rivers.com
EMP0700,Jay Nielsen,D003,Sales,Analyst,Night,shannon05@carter.org
EMP0701,Jeffrey Davis,D001,IT,Clerk,Evening,william24@gmail.com
EMP0702,Daniel Graham,D002,HR,Clerk,Evening,isimmons@fisher-marquez.com
EMP0703,Stephen Quinn,D004,Finance,Clerk,Evening,barbara76@evans-mcgrath.com
EMP0704,Melissa Jones,D003,Sales,Manager,Night,andrewgarrett@morales.com
EMP0705,Megan Reeves,D003,Sales,Manager,Night,michael22@taylor.com
EMP0706,Abigail Harris,D004,Finance,Clerk,Evening,qthomas@vargas-martinez.info
EMP0707,Mrs. Brittany Allen,D002,HR,Clerk,Morning,chadsanchez@yahoo.com
EMP0708,Anthony Curtis,D003,Sales,Analyst,Morning,greerchelsey@hill-white.com
EMP0709,Megan Fowler,D004,Finance,Executive,Evening,rogerrobertson@gmail.com
EMP0710,James Oliver,D005,Marketing,Analyst,Morning,rebeccaparker@clay.net
EMP0711,Ashlee Alexander,D002,HR,Clerk,Night,kingmolly@arias.biz
EMP0712,Lisa Norris,D003,Sales,Analyst,Evening,johnsonamanda@yahoo.com
EMP0713,Maria Herring,D005,Marketing,Manager,Morning,matthewsjason@odonnell.org
EMP0714,Cathy Malone,D004,Finance,Analyst,Morning,francismartinez@riddle.com
EMP0715,Dana Powell,D004,Finance,Executive,Morning,samanthabanks@yahoo.com
EMP0716,Dana Rodriguez,D004,Finance,Executive,Evening,ejohnson@smith.com
EMP0717,Tina Carlson,D002,HR,Clerk,Morning,garciashelby@gmail.com
EMP0718,Jennifer Arnold,D003,Sales,Clerk,Night,martinian@yahoo.com
EMP0719,Katie Richards,D003,Sales,Executive,Night,gabriella08@tanner-fletcher.com
EMP0720,Anthony Lang,D004,Finance,Executive,Night,gcastro@robinson.net
EMP0721,Jennifer Kelley,D004,Finance,Manager,Morning,earnold@perez-reeves.com
EMP0722,Jessica Armstrong MD,D005,Marketing,Clerk,Evening,jstewart@king.com
EMP0723,Alexander Maxwell,D002,HR,Analyst,Evening,david31@gmail.com
EMP0724,Jacob Fitzpatrick,D005,Marketing,Clerk,Night,zoebaird@hotmail.com
EMP0725,Kristina Harrington,D001,IT,Clerk,Morning,hramirez@gmail.com
EMP0726,Mark Mcdonald,D001,IT,Analyst,Night,lisaclark@hotmail.com
EMP0727,Robert Carson,D001,IT,Clerk,Morning,edwardschristopher@collins-castaneda.net
EMP0728,Jacob Gibbs,D002,HR,Clerk,Evening,parkerjoseph@holmes.com
EMP0729,Travis Curry,D001,IT,Executive,Evening,alice71@gmail.com
EMP0730,Jenny Parks,D001,IT,Executive,Night,ojohnson@hotmail.com
EMP0731,Alfred Combs,D005,Marketing,Clerk,Morning,emmacook@lloyd.com
EMP0732,Phillip Green,D005,Marketing,Analyst,Evening,qgoodman@cole.org
EMP0733,Nathan James III,D005,Marketing,Manager,Morning,jason62@goodman.info
EMP0734,Derek Miles,D003,Sales,Manager,Evening,james69@gmail.com
EMP0735,Richard Bennett,D005,Marketing,Manager,Morning,sanchezjames@eaton.com
EMP0736,Roy Jackson II,D004,Finance,Analyst,Evening,whitematthew@fowler.com
EMP0737,Cynthia Taylor,D002,HR,Clerk,Evening,jeremy35@berg.com
EMP0738,Monica Cunningham,D003,Sales,Manager,Morning,andrew06@joseph.com
EMP0739,Nicole May,D004,Finance,Clerk,Morning,david11@hotmail.com
EMP0740,Elizabeth Lewis,D004,Finance,Analyst,Evening,hhernandez@brown.biz
EMP0741,Travis Spence,D002,HR,Clerk,Night,qelliott@hotmail.com
EMP0742,Anthony Chavez,D004,Finance,Manager,Evening,krystalthornton@gmail.com
EMP0743,Dr. Garrett Oneill,D004,Finance,Clerk,Morning,tellis@hotmail.com
EMP0744,Jennifer Jones,D001,IT,Executive,Night,andrewgray@schroeder.org
EMP0745,Samuel Todd,D002,HR,Manager,Night,lori62@gmail.com
EMP0746,Christian Lowe,D001,IT,Manager,Evening,adamodom@hotmail.com
EMP0747,Javier Silva,D002,HR,Clerk,Evening,jamesdiaz@gmail.com
EMP0748,Jose Knight,D002,HR,Manager,Night,beckmary@hotmail.com
EMP0749,Amanda Maxwell,D003,Sales,Executive,Morning,christine33@yahoo.com
EMP0750,Cody Watson,D001,IT,Analyst,Evening,zmcmahon@roberts.com
EMP0751,Kimberly Gonzales,D001,IT,Analyst,Morning,randyyoung@yahoo.com
EMP0752,Matthew Vasquez,D003,Sales,Executive,Evening,cartermichael@gmail.com
EMP0753,Michelle Vazquez,D003,Sales,Manager,Evening,matthewgregory@gmail.com
EMP0754,April Williams,D004,Finance,Manager,Morning,johnsondouglas@yahoo.com
EMP0755,Angela Berry,D004,Finance,Manager,Evening,joshua92@yahoo.com
EMP0756,Jeff Myers,D001,IT,Clerk,Night,martinbenjamin@yahoo.com
EMP0757,Barbara Hall,D004,Finance,Clerk,Evening,jessesmith@evans.net
EMP0758,Jennifer Watkins,D004,Finance,Analyst,Night,harrisonmelissa@allen.com
EMP0759,Christie Barber,D001,IT,Clerk,Night,kristyestrada@simon-turner.com
EMP0760,Christina Jones,D003,Sales,Clerk,Night,mayrenee@krueger.org
EMP0761,Suzanne Roach,D004,Finance,Manager,Evening,fbecker@moss.com
EMP0762,Randy Carson,D004,Finance,Manager,Morning,tammysimpson@hotmail.com
EMP0763,Jay Clark,D004,Finance,Clerk,Night,danny07@gmail.com
EMP0764,Antonio Brown,D001,IT,Clerk,Evening,jessepeters@perez-santiago.com
EMP0765,Krystal Young,D004,Finance,Analyst,Morning,smorris@mclean.com
EMP0766,Sherry Lucas,D001,IT,Executive,Morning,lmurray@yahoo.com
EMP0767,Angelica Griffin,D005,Marketing,Analyst,Morning,jacobjohnson@hanson.com
EMP0768,Roberta Dyer,D003,Sales,Executive,Morning,mariah52@hotmail.com
EMP0769,Mr. Keith Miller,D003,Sales,Executive,Evening,hallandrea@yahoo.com
EMP0770,Matthew Romero,D002,HR,Clerk,Morning,uchase@phillips.biz
EMP0771,Denise Smith,D004,Finance,Executive,Evening,shannon78@mercado-peterson.biz
EMP0772,Jonathan Simmons,D003,Sales,Clerk,Morning,woodstheresa@hartman.biz
EMP0773,Alexis Weber,D005,Marketing,Executive,Evening,vliu@gmail.com
EMP0774,Brenda David,D004,Finance,Executive,Evening,tduncan@gmail.com
EMP0775,Leah Juarez,D001,IT,Clerk,Morning,jeffreyjohnson@perez-miller.com
EMP0776,Thomas Pitts,D004,Finance,Executive,Evening,tammy93@miller-grant.net
EMP0777,Sarah Mcfarland,D003,Sales,Analyst,Morning,savannah84@gmail.com
EMP0778,Richard Rogers,D004,Finance,Executive,Night,bradleysusan@payne.net
EMP0779,David Miller,D005,Marketing,Analyst,Evening,meganmooney@thompson.info
EMP0780,Patricia Alvarez,D004,Finance,Manager,Evening,salazarcatherine@gmail.com
EMP0781,Terry Mcneil,D005,Marketing,Analyst,Evening,drakesusan@gmail.com
EMP0782,Albert Ferguson,D004,Finance,Clerk,Night,saundersaudrey@gmail.com
EMP0783,Jeanette Manning,D004,Finance,Executive,Morning,stacyevans@cooley.com
EMP0784,Jessica Baxter,D003,Sales,Analyst,Evening,mbarry@hotmail.com
EMP0785,Daniel Austin,D002,HR,Manager,Night,swansonlauren@yahoo.com
EMP0786,Melissa Alvarado,D005,Marketing,Clerk,Evening,anthony50@donovan.com
EMP0787,Ann Ramirez,D003,Sales,Clerk,Night,cobbmichelle@hotmail.com
EMP0788,Rick Kemp,D002,HR,Executive,Night,wreese@gmail.com
EMP0789,Michael Ayers,D005,Marketing,Manager,Morning,qbell@wilson-reyes.net
EMP0790,Gregory Grant,D002,HR,Clerk,Evening,linda40@yahoo.com
EMP0791,Susan Young,D001,IT,Executive,Night,jowens@gould.com
EMP0792,Heidi Young,D003,Sales,Executive,Morning,wjohnson@brown.com
EMP0793,Samantha Allen,D005,Marketing,Clerk,Evening,victorpalmer@meyers.com
EMP0794,John Harris,D003,Sales,Executive,Night,derrickwilliams@garrett.com
EMP0795,Jill Griffin,D002,HR,Clerk,Night,lindsaystephenson@gmail.com
EMP0796,Richard Mckinney,D004,Finance,Manager,Night,jay18@hotmail.com
EMP0797,Jessica Nelson,D004,Finance,Executive,Morning,emilylittle@hughes.com
EMP0798,Danielle White,D005,Marketing,Manager,Night,teresa28@gmail.com
EMP0799,Jason Mendoza,D003,Sales,Executive,Evening,kevin04@hotmail.com
EMP0800,Karen Davila,D001,IT,Clerk,Night,lindsay24@bean.com
EMP0801,Lindsey Green,D001,IT,Clerk,Night,pateltheodore@watson-walker.com
EMP0802,Jessica Graham,D002,HR,Executive,Morning,stephanie04@bush-griffin.com
EMP0803,Aaron Pitts,D003,Sales,Clerk,Evening,angelicashepherd@hotmail.com
EMP0804,Keith Camacho,D004,Finance,Clerk,Morning,abrooks@walker.com
EMP0805,Courtney Morris,D002,HR,Manager,Evening,martinelizabeth@yahoo.com
EMP0806,Melissa Ruiz,D003,Sales,Executive,Night,melissa13@cantu-ayala.com
EMP0807,Alyssa Sanders,D001,IT,Executive,Morning,fergusoncheryl@gmail.com
EMP0808,Patricia Johnson,D003,Sales,Clerk,Night,amanning@gmail.com
EMP0809,Lisa Booker,D002,HR,Executive,Morning,alexsimmons@jones.com
EMP0810,Sandra Salazar,D005,Marketing,Manager,Night,mcarey@lee.com
EMP0811,Jason Ibarra,D004,Finance,Manager,Morning,blewis@yahoo.com
EMP0812,Megan Miller,D005,Marketing,Clerk,Night,raychristopher@yahoo.com
EMP0813,Latasha Webb,D004,Finance,Analyst,Night,krobles@burke-jackson.com
EMP0814,Tamara Jennings,D003,Sales,Analyst,Evening,cliffordsmith@hotmail.com
EMP0815,Yvonne Kaufman,D003,Sales,Clerk,Morning,williamrosario@harris.com
EMP0816,Kevin Wells,D004,Finance,Clerk,Morning,mgray@daniels.com
EMP0817,Carl Stewart,D005,Marketing,Manager,Morning,thomasjennifer@yahoo.com
EMP0818,Janice Anderson,D001,IT,Clerk,Night,gharris@yahoo.com
EMP0819,Gabriel Gonzales,D002,HR,Analyst,Evening,david07@black.org
EMP0820,Herbert Bowman,D005,Marketing,Manager,Night,mhays@williams.biz
EMP0821,Kristina Tran,D005,Marketing,Manager,Morning,pjones@bradford-sims.net
EMP0822,Cynthia Jones,D004,Finance,Analyst,Morning,westkimberly@hotmail.com
EMP0823,Audrey Wells,D004,Finance,Clerk,Night,josephwalton@miller-fleming.com
EMP0824,Timothy Mccoy,D003,Sales,Manager,Night,lisa97@yahoo.com
EMP0825,Scott Barton,D005,Marketing,Manager,Night,stephanie65@lee.com
EMP0826,Michael Cain,D005,Marketing,Manager,Morning,rachaelsmith@hotmail.com
EMP0827,Kevin Brock,D002,HR,Analyst,Morning,cblack@yahoo.com
EMP0828,Sally Clark,D005,Marketing,Analyst,Night,julielopez@yahoo.com
EMP0829,David Hopkins,D004,Finance,Analyst,Morning,freemanrebecca@morgan.biz
EMP0830,Richard Rosario PhD,D003,Sales,Manager,Night,johnsonbrittney@patton-valdez.com
EMP0831,Kevin Morris,D005,Marketing,Manager,Evening,melissa04@morse.info
EMP0832,Robert Lee,D003,Sales,Executive,Morning,srojas@yahoo.com
EMP0833,Daniel Fox,D003,Sales,Executive,Morning,kevinchristensen@gmail.com
EMP0834,Cameron Sanders,D004,Finance,Analyst,Morning,privera@yahoo.com
EMP0835,Dalton Santiago,D005,Marketing,Executive,Night,emily25@gmail.com
EMP0836,Lorraine Leonard,D002,HR,Executive,Evening,belindafranklin@lindsey.info
EMP0837,Joseph Turner,D003,Sales,Clerk,Evening,lhayes@snyder.com
EMP0838,Craig Jordan,D002,HR,Executive,Night,pmiller@vincent.com
EMP0839,Kerry Scott,D003,Sales,Clerk,Evening,bellnicole@chan.org
EMP0840,Antonio Garcia,D004,Finance,Analyst,Night,nsharp@sims.com
EMP0841,Greg Brown,D005,Marketing,Manager,Morning,brittany92@owen-davis.com
EMP0842,Gregory Hoffman,D002,HR,Analyst,Night,kimberly28@richardson.com
EMP0843,Michael Jones,D002,HR,Executive,Morning,littlecorey@hayes.net
EMP0844,Natalie Ballard,D005,Marketing,Clerk,Night,hernandezpatty@yahoo.com
EMP0845,Jamie Henderson,D005,Marketing,Executive,Night,weaveramanda@smith.info
EMP0846,Francis Owens,D003,Sales,Manager,Evening,stevensmarcus@yahoo.com
EMP0847,Bruce Brown,D005,Marketing,Analyst,Evening,francisrivera@haney.org
EMP0848,Timothy Fuller,D002,HR,Analyst,Evening,ucooper@jones.com
EMP0849,Jessica Nash,D004,Finance,Analyst,Evening,velasquezjerome@hughes-miller.com
EMP0850,Debbie Calderon,D001,IT,Executive,Night,evan49@spencer-robinson.info
EMP0851,Ryan Green,D001,IT,Clerk,Night,jeremynelson@cunningham.org
EMP0852,Bradley Wolfe,D004,Finance,Analyst,Morning,carterjohn@coleman.com
EMP0853,Michelle Smith,D001,IT,Executive,Morning,aaron83@cole.com
EMP0854,Luis Obrien DDS,D004,Finance,Executive,Night,anna33@rogers.com
EMP0855,Nicholas Oliver,D005,Marketing,Executive,Evening,lisawilliams@hotmail.com
EMP0856,Jacob Ward,D005,Marketing,Manager,Evening,jamie80@gmail.com
EMP0857,Billy Owens,D003,Sales,Manager,Evening,rachelhernandez@hamilton-orr.biz
EMP0858,John Hicks,D001,IT,Clerk,Night,smithalan@manning-juarez.biz
EMP0859,Allison Casey,D001,IT,Clerk,Night,joannebarton@estrada-stewart.com
EMP0860,John Morales,D005,Marketing,Analyst,Night,daniel84@atkins.com
EMP0861,Mercedes Valentine,D004,Finance,Manager,Night,shawnwilliams@hotmail.com
EMP0862,Theresa Collins,D004,Finance,Executive,Evening,dongibson@simmons.net
EMP0863,Ronald Rush,D001,IT,Analyst,Morning,achambers@roman.com
EMP0864,Kenneth Gonzalez,D005,Marketing,Manager,Evening,stevenhutchinson@myers.com
EMP0865,Sarah Stewart,D004,Finance,Clerk,Morning,horndiane@valenzuela-thomas.org
EMP0866,Elizabeth Martinez,D004,Finance,Executive,Night,sararodriguez@gmail.com
EMP0867,Katrina Miller,D005,Marketing,Manager,Morning,christinamason@sims-peterson.com
EMP0868,Luis Miles,D003,Sales,Manager,Evening,ashley66@gmail.com
EMP0869,Stephanie Jackson,D004,Finance,Manager,Morning,andreagreene@walton-bruce.info
EMP0870,Robin Jackson,D002,HR,Analyst,Morning,shelly45@howard.com
EMP0871,James Sharp,D001,IT,Clerk,Night,dale05@king.com
EMP0872,Brenda Perez,D005,Marketing,Manager,Morning,stewartjeffrey@gonzalez.com
EMP0873,James Fields,D005,Marketing,Executive,Morning,paul83@gmail.com
EMP0874,Alexandria James,D002,HR,Analyst,Night,tammygonzalez@yahoo.com
EMP0875,Gerald Kelly,D004,Finance,Manager,Evening,eandersen@joseph.biz
EMP0876,Carolyn Peterson,D003,Sales,Executive,Evening,njohnson@harris-ross.com
EMP0877,Mark Larsen,D005,Marketing,Executive,Morning,davidglass@taylor.info
EMP0878,Dawn Boyer,D002,HR,Clerk,Night,obarnett@lee-morton.com
EMP0879,Angela Dominguez,D005,Marketing,Executive,Morning,marksummers@hotmail.com
EMP0880,Elizabeth Poole,D005,Marketing,Clerk,Night,derrickmccall@yahoo.com
EMP0881,Kevin Nguyen,D001,IT,Manager,Evening,mzuniga@sanchez-atkins.com
EMP0882,Beth Anderson,D004,Finance,Clerk,Night,maryparker@knox.org
EMP0883,Daniel Torres,D001,IT,Manager,Evening,johnclayton@gmail.com
EMP0884,Karen Johnson,D001,IT,Executive,Night,ryan91@smith.org
EMP0885,Sarah Garza,D004,Finance,Executive,Morning,wilsonjohn@nelson-cross.com
EMP0886,Mrs. Dana Manning,D003,Sales,Executive,Night,joanna70@rivera.com
EMP0887,Mark Carrillo,D003,Sales,Executive,Evening,michelle89@gmail.com
EMP0888,John Cuevas,D001,IT,Manager,Night,martin14@gmail.com
EMP0889,Robin Ortega,D002,HR,Analyst,Night,otaylor@gmail.com
EMP0890,Cody Medina,D001,IT,Manager,Evening,sarahburns@banks-miller.org
EMP0891,Erika Conway,D005,Marketing,Manager,Night,heidibrown@tate.com
EMP0892,Jonathan Kennedy,D002,HR,Manager,Evening,daniel88@hotmail.com
EMP0893,Johnny Andrews,D005,Marketing,Executive,Morning,brittany41@lawrence.org
EMP0894,Dr. Bryan Nelson V,D001,IT,Manager,Evening,maria97@hotmail.com
EMP0895,Kathy Mccormick,D005,Marketing,Analyst,Evening,cynthia23@hotmail.com
EMP0896,Bradley Palmer,D003,Sales,Manager,Night,marshallshelly@fletcher.com
EMP0897,Sandra Kelley,D002,HR,Analyst,Night,erica29@gmail.com
EMP0898,Ashley Colon,D002,HR,Executive,Night,wmiles@mcbride.info
EMP0899,Austin Thompson,D005,Marketing,Executive,Morning,beth42@scott.org
EMP0900,Cody West,D004,Finance,Analyst,Evening,travis14@hotmail.com
EMP0901,Rebecca Sanders,D002,HR,Executive,Night,figueroajanet@dixon.com
EMP0902,Chelsey Thompson,D002,HR,Clerk,Night,calvinwhitney@yahoo.com
EMP0903,Robert Griffin,D005,Marketing,Executive,Evening,troydixon@thompson.biz
EMP0904,David Cox,D004,Finance,Executive,Evening,itorres@gonzalez.com
EMP0905,Ryan Schroeder,D005,Marketing,Clerk,Night,jacob88@page.com
EMP0906,Robert Ortiz,D002,HR,Analyst,Night,thomasfrancis@hotmail.com
EMP0907,Aaron Sutton,D005,Marketing,Manager,Evening,mdixon@mcfarland.com
EMP0908,Katherine Wolf,D003,Sales,Clerk,Evening,rgill@hotmail.com
EMP0909,Heidi Cooper,D001,IT,Clerk,Night,gregory08@bailey.com
EMP0910,Michael Hanson,D002,HR,Executive,Evening,matthewphelps@torres.com
EMP0911,Scott Hammond,D003,Sales,Executive,Evening,mackenziestout@yahoo.com
EMP0912,Caleb Winters,D002,HR,Manager,Evening,vancevictoria@wright.com
EMP0913,Elizabeth Wagner,D005,Marketing,Clerk,Evening,ewatkins@white.org
EMP0914,Joseph Wilson,D004,Finance,Clerk,Evening,melanie13@yahoo.com
EMP0915,Angela Combs,D002,HR,Manager,Morning,christopher01@griffin.com
EMP0916,Joseph Brooks,D005,Marketing,Analyst,Night,caitlyn84@meza.com
EMP0917,Scott Young,D003,Sales,Analyst,Night,burgessmarcus@gmail.com
EMP0918,James Cunningham,D002,HR,Clerk,Morning,xwhite@powers.com
EMP0919,Lisa Carey,D003,Sales,Analyst,Night,rosskayla@hotmail.com
EMP0920,Wesley Owens,D005,Marketing,Analyst,Night,ericgriffith@yoder.biz
EMP0921,Nathaniel Mcmillan,D005,Marketing,Clerk,Evening,breanna02@ramirez.info
EMP0922,Lawrence Mcdowell,D002,HR,Analyst,Night,ashley21@henderson-peters.com
EMP0923,David Brooks,D005,Marketing,Executive,Morning,lmiller@yahoo.com
EMP0924,Jessica Bradshaw,D003,Sales,Manager,Morning,shawnwells@crawford-perry.com
EMP0925,Katrina Myers,D003,Sales,Clerk,Morning,christinamartin@gmail.com
EMP0926,Jessica Bean,D001,IT,Clerk,Night,santiagotiffany@gmail.com
EMP0927,Ethan Cardenas,D004,Finance,Clerk,Morning,austinstacie@diaz.info
EMP0928,Michael Dillon,D003,Sales,Clerk,Night,vanderson@yahoo.com
EMP0929,Rebecca Rodriguez,D005,Marketing,Executive,Evening,amandareyes@yahoo.com
EMP0930,Cheryl Wright,D005,Marketing,Manager,Morning,qbarton@irwin-davis.net
EMP0931,Christina Jackson,D002,HR,Executive,Evening,conradricardo@hotmail.com
EMP0932,Emily Decker,D003,Sales,Executive,Night,williammorales@hotmail.com
EMP0933,Kelly Bailey,D005,Marketing,Analyst,Evening,huntsteven@hotmail.com
EMP0934,Jennifer Warren,D003,Sales,Analyst,Night,ymiller@hotmail.com
EMP0935,William Roman,D005,Marketing,Manager,Evening,mitchellrenee@torres-mason.com
EMP0936,Nichole Ramsey,D004,Finance,Executive,Morning,yking@hotmail.com
EMP0937,Julie Knight MD,D003,Sales,Clerk,Morning,idavis@rogers-beltran.com
EMP0938,William Vaughn,D005,Marketing,Analyst,Night,steven65@gmail.com
EMP0939,Christopher Johnson,D003,Sales,Clerk,Evening,triciamorgan@sanchez-fernandez.com
EMP0940,Matthew Stephens,D001,IT,Analyst,Morning,johnny98@hotmail.com
EMP0941,Teresa Curtis,D004,Finance,Manager,Evening,riley93@yahoo.com
EMP0942,Brittney Wallace,D003,Sales,Clerk,Night,cgolden@powell-werner.biz
EMP0943,Katie Cabrera,D003,Sales,Clerk,Night,smitherik@dixon.net
EMP0944,Yvette Roberts,D003,Sales,Manager,Evening,theodorejohnson@monroe-arnold.biz
EMP0945,Nicole Short MD,D001,IT,Manager,Night,williamshannah@yahoo.com
EMP0946,Larry Mendez,D004,Finance,Analyst,Morning,davidwilliams@hotmail.com
EMP0947,Darren Jones,D005,Marketing,Clerk,Night,samanthafuller@yahoo.com
EMP0948,Christopher Phillips,D003,Sales,Analyst,Night,anthony40@yahoo.com
EMP0949,Benjamin Howard,D001,IT,Clerk,Morning,robert19@yahoo.com
EMP0950,Diana Butler,D002,HR,Executive,Evening,ndavis@clark.com
EMP0951,William Lamb,D005,Marketing,Clerk,Evening,warrenkatherine@gmail.com
EMP0952,Charles Hawkins,D001,IT,Executive,Evening,deborahbrady@hotmail.com
EMP0953,Ashley Neal,D003,Sales,Executive,Morning,sarah62@price.com
EMP0954,Janice Barnett,D005,Marketing,Analyst,Morning,dkelly@yahoo.com
EMP0955,Aaron Barnett,D004,Finance,Manager,Night,mevans@hotmail.com
EMP0956,Katie Nicholson,D001,IT,Executive,Morning,jonesderrick@woodward.com
EMP0957,Elizabeth Clark,D001,IT,Clerk,Night,dunnjack@munoz.info
EMP0958,Jennifer Rodriguez,D003,Sales,Manager,Evening,perezbrittany@gmail.com
EMP0959,Christopher Garza,D005,Marketing,Clerk,Night,donaldsanders@sawyer.net
EMP0960,Scott Brown,D002,HR,Executive,Night,williamsmichael@bass.com
EMP0961,Kathryn Cervantes,D003,Sales,Clerk,Night,taylorschaefer@hansen.com
EMP0962,Benjamin Schmitt,D003,Sales,Executive,Night,vasquezandrew@cox.org
EMP0963,Brian Lambert,D005,Marketing,Clerk,Night,william01@hotmail.com
EMP0964,Ashley Barnes,D005,Marketing,Manager,Morning,alexandragutierrez@white.com
EMP0965,Anthony Avery,D001,IT,Clerk,Morning,eallen@wilson.org
EMP0966,Johnny Blackburn,D003,Sales,Analyst,Morning,taylorrichmond@edwards.com
EMP0967,Melody Faulkner,D001,IT,Manager,Evening,gthomas@kaiser.com
EMP0968,Ellen Hayes,D003,Sales,Clerk,Evening,michael15@chan.com
EMP0969,Mark Collins,D004,Finance,Analyst,Morning,jeffrey09@yahoo.com
EMP0970,Mark Franco,D002,HR,Manager,Night,louis84@yahoo.com
EMP0971,Carlos Torres,D002,HR,Clerk,Evening,smithdaniel@yahoo.com
EMP0972,Justin Buchanan,D004,Finance,Clerk,Evening,elizabethcrosby@hunter-cook.org
EMP0973,Timothy Delgado,D004,Finance,Clerk,Evening,fryechristopher@yahoo.com
EMP0974,April Gonzales,D001,IT,Executive,Morning,nicolesweeney@gomez.com
EMP0975,Veronica Boyd,D001,IT,Clerk,Morning,ohenderson@gmail.com
EMP0976,Carlos Fox,D004,Finance,Analyst,Night,larryvasquez@hotmail.com
EMP0977,Patrick Payne,D003,Sales,Manager,Night,jeanettecarlson@henry.com
EMP0978,Tony Jackson,D002,HR,Manager,Morning,amyrodriguez@hotmail.com
EMP0979,Ricky Hunt,D004,Finance,Manager,Evening,jonestimothy@palmer.com
EMP0980,Mark Harrison,D003,Sales,Analyst,Evening,greerjeremy@graves.biz
EMP0981,Jason Mcconnell,D002,HR,Clerk,Evening,danielwilson@gmail.com
EMP0982,Jacob Thornton,D001,IT,Executive,Evening,cody03@ramirez-rios.info
EMP0983,Charles Kramer,D004,Finance,Executive,Morning,amandamacias@jones-walker.com
EMP0984,Danielle Gomez,D002,HR,Clerk,Night,william13@hotmail.com
EMP0985,Lisa Thompson,D004,Finance,Clerk,Night,haley97@rodriguez.com
EMP0986,Jay Dixon,D005,Marketing,Clerk,Morning,allenandre@perez.info
EMP0987,Robert Simmons,D003,Sales,Executive,Evening,waltergordon@jones-irwin.com
EMP0988,Megan Simpson,D004,Finance,Clerk,Evening,jamesrodriguez@gmail.com
EMP0989,Belinda Diaz,D004,Finance,Analyst,Morning,daniel99@smith-ferguson.com
EMP0990,Shelly Hamilton,D001,IT,Analyst,Evening,welchtimothy@hotmail.com
EMP0991,Kenneth Morris,D005,Marketing,Analyst,Evening,virginia49@hughes.com
EMP0992,Steven Kennedy,D005,Marketing,Clerk,Morning,nwolf@yahoo.com
EMP0993,Caitlin Wright,D002,HR,Executive,Morning,kimberly23@hotmail.com
EMP0994,Karen Holloway,D001,IT,Manager,Morning,jeremiahcochran@hotmail.com
EMP0995,Mary Moran,D005,Marketing,Executive,Evening,adamsjennifer@curtis.com
EMP0996,Briana Potts,D004,Finance,Analyst,Evening,qmiller@ferguson.com
EMP0997,Holly Scott,D001,IT,Executive,Evening,adamsdanielle@yahoo.com
EMP0998,Jason Vincent,D004,Finance,Manager,Morning,frankgonzalez@soto.biz
EMP0999,Melinda Marshall,D005,Marketing,Analyst,Evening,aaronjones@randall.info
EMP1000,Katherine Manning,D001,IT,Manager,Morning,gregory98@sharp.info
